{
"name": "EducationShield",
"frameworks": "Arduino",
"keywords": "CTC, Education, Shield",
"description": "Library for the CTC Education Shield and education materials",
"url": "https://github.com/arduino/EducationShield",
"downloadUrl": "https://github.com/arduino/EducationShield/releases",
"authors":
{
        "name": "David Cuartielles, Marcus Johansson, Xun Yang",
        "maintainer": true
},
"repository":
{
    "type": "git",
    "url": "https://github.com/arduino/EducationShield.git"
}
}
